{
    "metrics": {
        "http_req_sending": {
            "max": 1.0345,
            "p(90)": 0,
            "p(95)": 0.503745,
            "avg": 0.030614936102236423,
            "min": 0,
            "med": 0
        },
        "http_req_waiting": {
            "p(95)": 29.0891,
            "avg": 20.432986261980837,
            "min": 0.8461,
            "med": 14.1745,
            "max": 477.8521,
            "p(90)": 24.75687
        },
        "iterations": {
            "rate": 2.5568661076919192,
            "count": 156
        },
        "http_req_tls_handshaking": {
            "avg": 0,
            "min": 0,
            "med": 0,
            "max": 0,
            "p(90)": 0,
            "p(95)": 0
        },
        "http_req_failed": {
            "passes": 0,
            "fails": 1252,
            "value": 0
        },
        "auth_required_responses": {
            "passes": 0,
            "fails": 1252,
            "value": 0
        },
        "iteration_duration": {
            "min": 1096.3352,
            "med": 1119.7353,
            "max": 3607.9257,
            "p(90)": 1146.6709,
            "p(95)": 1150.532025,
            "avg": 1171.213686538462
        },
        "vus": {
            "max": 3,
            "value": 3,
            "min": 3
        },
        "http_reqs": {
            "count": 1252,
            "rate": 20.52048953096335
        },
        "backend_checks": {
            "fails": 0,
            "passes": 3744,
            "thresholds": {
                "rate>0.95": false
            },
            "value": 1
        },
        "backend_route_not_found_responses": {
            "passes": 0,
            "fails": 1248,
            "thresholds": {
                "rate<0.01": false
            },
            "value": 0
        },
        "http_req_receiving": {
            "max": 13.1602,
            "p(90)": 1.3178700000000023,
            "p(95)": 2.031800000000001,
            "avg": 0.6244469648562294,
            "min": 0,
            "med": 0.50805
        },
        "checks": {
            "passes": 3756,
            "fails": 0,
            "value": 1
        },
        "backend_auth_required_responses": {
            "passes": 0,
            "fails": 1248,
            "value": 0
        },
        "group_duration": {
            "avg": 84.52582564102565,
            "min": 1.5389,
            "med": 58.209,
            "max": 2494.0592,
            "p(90)": 136.23821000000004,
            "p(95)": 141.173
        },
        "backend_req_failed": {
            "passes": 0,
            "fails": 1248,
            "thresholds": {
                "rate<0.05": false
            },
            "value": 0
        },
        "backend_server_errors_or_timeouts": {
            "passes": 0,
            "fails": 1248,
            "thresholds": {
                "rate<0.01": false
            },
            "value": 0
        },
        "route_not_found_responses": {
            "passes": 0,
            "fails": 1252,
            "value": 0
        },
        "data_received": {
            "count": 609945,
            "rate": 9997.10062856505
        },
        "vus_max": {
            "value": 3,
            "min": 3,
            "max": 3
        },
        "backend_req_duration": {
            "max": 478.3586,
            "p(90)": 25.3643,
            "p(95)": 29.509114999999987,
            "avg": 20.864814503205103,
            "min": 1.5358,
            "med": 14.826699999999999,
            "thresholds": {
                "p(95)<3000": false
            }
        },
        "http_req_duration": {
            "p(90)": 25.524030000000003,
            "p(95)": 29.7854,
            "avg": 21.08804816293928,
            "min": 1.5358,
            "med": 14.8305,
            "max": 478.3586
        },
        "http_req_duration{expected_response:true}": {
            "med": 14.8305,
            "max": 478.3586,
            "p(90)": 25.524030000000003,
            "p(95)": 29.7854,
            "avg": 21.08804816293928,
            "min": 1.5358
        },
        "server_errors_or_timeouts": {
            "passes": 0,
            "fails": 1252,
            "value": 0
        },
        "data_sent": {
            "count": 324500,
            "rate": 5318.609307346332
        },
        "http_req_blocked": {
            "p(90)": 0,
            "p(95)": 0,
            "avg": 0.01944840255591054,
            "min": 0,
            "med": 0,
            "max": 13.0805
        },
        "http_req_connecting": {
            "p(90)": 0,
            "p(95)": 0,
            "avg": 0.002558306709265176,
            "min": 0,
            "med": 0,
            "max": 1.5899
        }
    },
    "setup_data": {
        "authConfigured": true,
        "autoLoginValidated": true,
        "tokenFromEnv": false
    },
    "root_group": {
        "groups": {
            "setup": {
                "groups": {},
                "checks": {
                        "auth login opcional: responde 2xx/3xx": {
                            "name": "auth login opcional: responde 2xx/3xx",
                            "path": "::setup::auth login opcional: responde 2xx/3xx",
                            "id": "d86c4add1104d0bc7cc6825cbc04c825",
                            "passes": 1,
                            "fails": 0
                        },
                        "auth login opcional: sin 5xx/timeouts": {
                            "path": "::setup::auth login opcional: sin 5xx/timeouts",
                            "id": "6bb44f64048fbe6d368d6cc54b3fcd68",
                            "passes": 1,
                            "fails": 0,
                            "name": "auth login opcional: sin 5xx/timeouts"
                        },
                        "auth login opcional: ruta existe": {
                            "passes": 1,
                            "fails": 0,
                            "name": "auth login opcional: ruta existe",
                            "path": "::setup::auth login opcional: ruta existe",
                            "id": "46b5b1cf718402fe40d2566e117c9a94"
                        }
                    },
                "name": "setup",
                "path": "::setup",
                "id": "5c0f8025f7e0b6654089e5b00e950f1a"
            },
            "auth publico por gateway": {
                "name": "auth publico por gateway",
                "path": "::auth publico por gateway",
                "id": "1e6f3b6c199f970a4008c70b61c9a7b0",
                "groups": {},
                "checks": {
                        "gateway /auth/login OPTIONS: responde 2xx/3xx": {
                            "name": "gateway /auth/login OPTIONS: responde 2xx/3xx",
                            "path": "::auth publico por gateway::gateway /auth/login OPTIONS: responde 2xx/3xx",
                            "id": "ca7c8da9799326ebf30859a2c13bbd3b",
                            "passes": 156,
                            "fails": 0
                        },
                        "gateway /auth/login OPTIONS: sin 5xx/timeouts": {
                            "id": "9628ab867e43b2687d3e8faa274ab743",
                            "passes": 156,
                            "fails": 0,
                            "name": "gateway /auth/login OPTIONS: sin 5xx/timeouts",
                            "path": "::auth publico por gateway::gateway /auth/login OPTIONS: sin 5xx/timeouts"
                        },
                        "gateway /auth/login OPTIONS: ruta existe": {
                            "name": "gateway /auth/login OPTIONS: ruta existe",
                            "path": "::auth publico por gateway::gateway /auth/login OPTIONS: ruta existe",
                            "id": "7c46b30317e8d1cf409b539468505772",
                            "passes": 156,
                            "fails": 0
                        }
                    }
            },